id,project_id,keyword
1,1,code list
2,1,list of analysed policy documents
3,1,interview topic list
4,1,coded policy documents
5,1,Arts and Humanities
6,1,Social Sciences
7,2,Patient participation; Medical education; Patient empowerment; Self-management; Shared decision-making; Compassion
8,2,Social Sciences
9,3,clinical workplace – initiation – international placement – student participation - undergraduate
10,3,Social Sciences
11,4,zelfregulerend leren
12,4,engineering
13,4,studiestrategieën
14,4,hoger onderwijs
15,4,self-regulated learning
16,4,Engineering
17,5,Migration
18,5,Development
19,5,Social Sciences
20,6,Migration
21,6,Development
22,6,Social Sciences
23,7,Migration
24,7,United Nations
25,7,International organisations
26,7,Social Sciences
27,8,Migration
28,8,Crisis
29,8,Crisis management
30,8,Social Sciences
31,9,Migration
32,9,Governance
33,9,Public Policy
34,9,History
35,9,Social Sciences
36,10,"upward feedback, teacher assessment, educational leads/supervisors, faculty development, teacher motivation"
37,10,Social Sciences
38,11,"upward feedback, teacher motivation, faculty development, teacher assessment"
39,11,Social Sciences
40,12,Social Sciences
41,13,Tilburg University
42,13,Social Science
43,13,Organizational psychology
44,13,Evidence-based management
45,13,Organizational decision-making
46,13,Business and Management
47,13,Social Sciences
48,14,Social Sciences
49,15,Social Sciences
50,16,Medical Dutch; Simulated medical consultation; Role-play; Patient role; Doctor role; Intrinsic motivation; Relatedness; Competence; Self-determination theory
51,16,Social Sciences
52,17,Problem-based learning; Biomedical Sciences; curriculum reform; competency-based education; mixed methods
53,17,Social Sciences
54,18,Self-regulated learning; problem-based learning; mixed methods
55,18,Social Sciences
56,19,Arts and Humanities
57,19,Earth and Environmental Sciences
58,19,Social Sciences
59,20,Social Sciences
60,21,Social Sciences
61,22,ddc:004
62,22,ddc:005
63,22,Application Programming Interface
64,22,Misuses
65,22,Software Reuse
66,22,Root Causes
67,22,Prevention Mechanisms
68,22,Automated Misuse Detection
69,22,Automated Misuse Repair
70,23,ddc:610
71,24,ddc:610
72,25,ddc:610
73,26,ddc:610
74,27,ddc:610
75,27,Medizinische Versorgung
76,27,Sachsen-Anhalt
77,28,ddc:610
78,29,ddc:370
79,30,ddc:780
80,30,Boulez
81,30,Stockhausen
82,30,Ligeti
83,30,Musikschrifttum
84,30,Computerlinguistik
85,30,Hochschulschrift
86,30,Online-Publikation
87,31,ddc:610
88,31,ddc:618
89,32,ddc:610
90,33,ddc:610
91,34,ddc:610
92,35,ddc:610
93,36,ddc:610
94,37,ddc:150
95,37,ddc:152
96,37,Sexuelle Bildung
97,37,genitales Selbstbild
98,37,genitale Selbstwahrnehmung
99,37,Sexocorporel
100,37,sexuelle Selbstsicherheit
101,37,sexuelle Zufriedenheit
102,37,Online-Kurs
103,38,ddc:610
104,38,ddc:613
106,38,ddc:616
107,38,Krebserkrankung
108,38,sexuelle Gesundheit
109,38,Unterstützungsangebot für Betroffene
110,39,ddc:610
111,40,ddc:610
112,40,ddc:300
113,40,ddc:302
114,40,weibliche Sexualität
115,40,Brustentfernung
116,40,sexuelle Gesundheit
117,40,Sexualberatung
118,41,ddc:300
119,41,ddc:302
120,41,ddc:792
121,41,ddc:610
122,41,Multiple Sklerose
123,41,Biografisches Theater
124,41,Krankheitsbewältigung
125,42,ddc:550
126,43,ddc:610
127,44,ddc:610
128,44,Paarsexualität
129,44,Prostatektomie des Partners
130,44,sexualtherapeutische Unterstützungsmöglichkeiten
131,45,ddc:300
132,46,ddc:300
133,46,ddc:150
134,46,ddc:152
135,46,sexuelles Verlangen
136,46,weibliches Begehren
137,46,Geschichte der weiblichen Sexualität
138,46,Sexocorporel
139,47,ddc:300
140,47,ddc:304
141,47,Sexuelle Selbstsicherheit
142,47,Sexocorporel
143,47,körperorientierte Übungsanleitungen
144,47,Sexualberatung
145,48,ddc:620
146,48,Glasfasernetz
147,48,Gebäude
148,48,FTTH Installation
149,48,Kosten
150,49,ddc:090
151,49,Kolonialismus
152,49,ssg:ssg3.2.3.4.3
153,50,ddc:300
154,50,Hybride Arbeit
155,50,Autonomie
156,50,Kreativität
157,50,Arbeitsgestaltung
158,50,Praxisimplikationen
159,50,New Work
160,51,ddc:900
161,51,ddc:940
162,51,ddc:943
163,52,ddc:610
164,53,ddc:300
165,53,Roboter
166,53,Altenpflege
167,53,Demografischer Wandel
168,53,Pflegenotstand
169,53,Stakeholder
170,54,ddc:610
171,55,ddc:330
172,56,ddc:610
173,57,ddc:420
174,57,ddc:428
175,58,ddc:610
176,59,ddc:610
177,60,ddc:000
178,61,ddc:610
179,62,ddc:610
180,63,ddc:610
181,64,ddc:300
182,64,ddc:150
183,64,ddc:155
184,64,Potenzial queer-feministischer Pornografie
185,64,queer-feministische Film-Pornografie
186,65,ddc:610
187,66,ddc:300
188,66,ddc:360
189,66,ddc:365
190,66,männliche Sexualstraftäter
191,66,Pädosexuelle
192,66,Vergewaltiger
193,66,deliktorientierte Straftäterbehandlung
194,66,Schweizer Massnahmenvollzug
195,66,Sexocorporel
196,67,ddc:100
197,67,ddc:190
200,67,ddc:109
201,67,Philosophiedidaktik
202,67,Ethikdidaktik
203,67,Didaktik
204,67,Hannah Arendt
205,68,ddc:610
206,69,ddc:610
207,70,ddc:610
208,71,ddc:360
209,71,ddc:362
210,71,Kulturelle Teilhabe
211,71,Museum
212,71,Menschen mit intellektueller Beeinträchtigung
213,71,subjektive Teilhabebarrieren
214,71,subjektive Teilhabeansprüche
215,71,Barrierefreiheit
216,71,empirische Untersuchung
217,71,cultural participation
218,71,museum
219,71,people with intellectual impairments
220,71,subjective barriers to participation
221,71,subjective claims to participation
222,71,accessibility
223,71,empirical study
224,72,ddc:610
225,73,ddc:610
226,74,ddc:360
227,74,Bedarfe traumatisierter Kinder
228,74,bedarfsgerechte Unterstützung in Frauenhäusern
229,74,bundeseinheitliche Standards
230,74,Institutionsvernetzung
231,74,Kindern im Kontext häuslicher Gewalt
232,75,ddc:610
233,76,ddc:610
234,77,ddc:360
235,77,ddc:361
236,77,ddc:610
237,78,ddc:090
238,78,Iran
239,78,Islamische Revolution
240,78,Pahlawi
241,78,Geschichte
242,78,BK:15.76
243,79,ddc:610
244,79,Inhaler device handling
245,79,Dementia
246,79,Fine motor skills
247,79,Inhaler errors
248,79,Elderly
249,80,ddc:610
250,81,ddc:610
251,82,ddc:610
252,82,Atopic dermatitis
253,82,Atopic eczema
254,82,Long-term control
255,82,Cross-cultural translation
256,82,Content validity
257,83,ddc:630
258,83,ddc:633
259,84,ddc:150
260,84,ddc:158
261,84,Psychologie
262,85,ddc:330
263,85,ddc:337
264,85,ddc:960
265,85,ddc:969
266,85,Mauritius
267,85,Globalisierung
268,86,ddc:610
269,87,ddc:690
270,87,ddc:300
271,87,ddc:305
272,87,Walz
273,87,handwerkliche Wanderschaft
274,87,Tradition
275,87,Wandergesell:innen
276,87,Internetplattform
277,88,ddc:090
278,88,Rapmusiker
279,88,Hip-Hop
280,88,Arabische Musik
281,88,Soziolinguistik
282,88,ssg:ssg4.1.2.4
283,88,ssg:ssg4.1.3.4
284,88,ssg:ssg3.2.2.4.4
285,89,ddc:300
286,90,ddc:610
287,90,ddc:618
288,90,Online-Publikation
289,90,Hochschulschrift
290,91,ddc:610
291,92,ddc:004
292,92,ddc:005
293,92,ddc:300
294,92,ddc:302
295,92,Wirkungserfassung von Serious Games
296,92,Wissenschaftskommunikation
297,93,ddc:610
298,94,ddc:610
299,95,ddc:610
300,96,ddc:300
301,96,ddc:302
302,96,identitätsbildende Prozesse bei Jugendlichen
303,96,Social-Media-Plattformen
304,96,Instagram und TikTok
305,96,Social-Media-Auftritte der Jugendlichen
306,97,ddc:610
307,98,ddc:300
308,98,ddc:305
309,98,ddc:360
310,98,Queers of Color
311,98,Emanzipationswege
312,98,Lebensrealitäten von queeren rassifizierten Personen
313,98,Queerfeindlichkeit
314,99,ddc:000
315,100,ddc:360
316,100,Emotionsorientierte Bewältigung
317,100,Problemzentrierte Bewältigung
318,100,Psychische Belastung
319,100,Frauenhaus
320,101,ddc:330
321,101,Digitaler Wandel
322,101,Qualitätsmanagement
323,101,Digitalisierung
324,101,IIoT-Systeme
325,102,ddc:610
326,102,Vaginismus
327,102,Wirkfaktoren zur Genesung eines Vaginismus
328,102,Zustand sexueller Zufriedenheit
329,103,ddc:150
330,103,ddc:152
331,103,sexuelle Selbstbestimmung
332,103,heterosexuelle Paarsexualität
333,104,ddc:943
334,105,ddc:300
335,105,ddc:304
336,105,Offene Beziehungsmodelle
337,105,Kindheit
338,106,ddc:300
339,106,ddc:304
340,107,ddc:360
341,107,ddc:362
342,107,Elektronische Publikation
343,107,Hochschulschrift
344,107,Online-Publikation
345,107,Zsfassung in engl. Sprache
346,108,ddc:650
347,108,ddc:658
348,108,Gamification
349,108,Gamification Elemente
350,108,Gamifizierte Website
351,108,Spielmechaniken
352,108,Human-Focused Design
353,108,User Experience
354,108,NGO-Kommunikationsstrategien
355,109,ddc:630
356,110,ddc:300
357,110,ddc:304
358,110,kulturelle Teilhabe
359,110,prozessoffene Arbeit
360,110,Partizipation fördern
361,111,ddc:620
362,111,Exoskelett
363,112,ddc:610
364,112,sexuelle Lust im Alter
365,112,körperliche Veränderungen
366,112,langjährige Beziehungen
367,113,ddc:610
368,114,ddc:610
369,115,ddc:610
370,116,ddc:300
371,117,ddc:610
372,118,ddc:610
373,119,ddc:610
374,119,ddc:618
375,120,ddc:370
376,120,ddc:371
377,121,ddc:610
378,122,ddc:610
379,123,ddc:610
380,123,ddc:614
381,123,Online-Publikation
382,123,Hochschulschrift
383,124,ddc:610
384,125,ddc:300
385,125,ddc:360
386,125,ddc:362
387,125,Trans
388,125,Geschlecht
389,125,Gender
390,125,wohnungslos
391,125,obdachlos
392,125,Notübernachtungsstelle
393,125,Notschlafstelle
394,125,Wohnungslosenhilfe
395,126,ddc:090
396,126,BK:18.74
397,126,BK:17.97
398,127,ddc:610
399,128,ddc:000
400,129,ddc:610
401,130,ddc:610
402,130,Dermato-epidemiology
403,130,Frequency
404,130,Hand eczema
405,130,Skin condition
406,131,ddc:300
407,132,ddc:610
408,132,ddc:618
409,133,ddc:690
410,133,ddc:300
411,133,ddc:305
412,133,Walz
413,133,handwerkliche Wanderschaft
414,133,Tradition
415,133,Wandergesell:innen
416,133,Internetplattform
417,134,ddc:550
418,134,ddc:556
419,135,ddc:610
420,136,ddc:100
421,136,ddc:170
422,137,ddc:370
423,137,ddc:371
424,137,"Forschungsdokumentation, Autismus-Spektrum, Inklusive Bildung, Schleswig-Holstein"
425,138,ddc:610
426,139,ddc:000
427,140,ddc:610
428,141,ddc:610
429,141,Quality-of-life instruments
430,141,Cutaneous T-cell lymphoma
431,141,Non-Hodgkin lymphoma
432,142,ddc:150
433,142,ddc:300
434,142,ddc:302
435,142,Schwangerschaftsabruch
436,142,Abtreibung
437,142,Schwangerschaftskonfliktberatung
438,142,Beratung nach §219 StGB
439,143,ddc:610
440,144,ddc:610
441,144,ddc:617
442,145,ddc:610
443,146,ddc:610
444,147,ddc:610
445,148,ddc:610
446,148,Elektronische Publikation
447,148,Hochschulschrift
448,148,Online-Publikation
449,148,Zsfassung in engl. Sprache
450,149,ddc:150
451,150,ddc:090
452,150,BK:18.74
453,150,BK:17.97
454,151,ddc:150
455,151,ddc:155
456,151,Intensivtherapie
457,151,Psychische Belastung
458,151,Familienangehöriger
459,152,ddc:610
460,153,ddc:610
461,154,ddc:610
462,155,ddc:330
463,156,ddc:000
464,157,ddc:000
465,158,ddc:910
466,159,ddc:610
467,160,ddc:370
468,160,ddc:371
469,161,ddc:300
470,161,ddc:304
471,161,Entwicklung
472,161,Digitales Zeitalter
473,161,Kinder
474,161,Jugendliche
475,161,Soziale Medien
476,162,ddc:370
477,162,ddc:300
478,162,ddc:304
479,162,emanzipatorische Sexualpädagogik
480,162,neue Medien
481,162,sexuelle Aufklärung
482,162,Medienkompetenzförderung
483,163,ddc:610
484,164,ddc:430
485,164,ddc:437
486,164,Online-Publikation
487,164,Hochschulschrift
488,165,ddc:370
489,165,ddc:375
490,165,Computereinsatz in Unterricht und Ausbildung
491,165,Medienerziehung
492,165,Künstliche Intelligenz
493,165,Methoden und Techniken der Pädagogik
494,166,ddc:000
495,167,ddc:650
496,167,ddc:658
497,167,ddc:004
498,167,ddc:006
499,167,Webdesign
500,167,Vertrauensaufbau im B2B ECommerce
501,167,Leadgenerierung
502,168,ddc:610
503,169,ddc:300
504,169,Pornografiesucht
505,169,Erklärungsmodelle zur Interpretation des Pornografiekonsums
506,169,PPMI-Modell
507,170,ddc:360
508,170,ddc:361
509,170,Online-Publikation
510,170,Hochschulschrift
511,171,ddc:792
512,172,ddc:000
513,173,ddc:610
514,173,Sexocorporel
515,173,Sexualität als Lernprozess
516,174,ddc:610
517,175,ddc:340
518,175,ddc:344
519,175,Inobhutnahme von Kindern und Jugendlichen
520,175,langer Verweildauern
521,175,Kindeswohlgefährdung
522,175,Bindungsabbrüche
523,175,bedarfsgerechten Anschlusshilfen
524,176,ddc:300
525,176,ddc:302
526,176,Skateboardfahren
527,176,Skate-Projekte für Mädchen
528,176,feministische Mädchenarbeit
529,176,FLINTA*-Skate-Projekte
530,177,ddc:090
531,177,Unruhen
532,177,Usbekistan
533,177,DE-615
534,177,ssg:ssg3.2.8.2.3
535,178,ddc:610
536,179,ddc:630
537,179,ddc:330
538,179,Deutschland
539,179,Landwirtschaft
540,179,Weibliche Führungskraft
541,179,Unternehmensleitung
542,179,Online-Publikation
543,179,Hochschulschrift
544,180,ddc:370
545,181,ddc:610
546,182,ddc:610
547,183,ddc:370
548,183,ddc:372
549,184,ddc:150
550,184,BOLSA
551,184,Psychologische Tests
552,184,Längsschnittstudie
553,184,Generationenforschung
554,184,Methoden
555,184,Psychological tests
556,184,Longitudinal study
557,184,Generational Research
558,184,Methods
559,185,ddc:300
560,185,ddc:304
561,185,Cannabis
562,185,junge Erwachsene
563,185,Integrationsstrategie
564,185,Risiko
565,186,ddc:610
566,187,ddc:000
567,188,ddc:300
568,188,ddc:305
569,188,Mediale Geschlechterbilder
570,188,Symbolische Gewalt
571,188,Performativität
572,188,Antifeminismus
573,188,Care Arbeit
574,188,Gender Pay Gap
575,188,Demokratie
576,189,ddc:370
577,190,ddc:610
578,191,ddc:100
579,191,ddc:175
580,191,ddc:300
581,191,ddc:305
582,191,Awarenessarbeit
583,191,Mindeststandards
584,192,ddc:150
585,193,ddc:610
586,194,ddc:943
587,194,Zeitgeschichte
588,194,2. Weltkrieg
589,194,Nationalsozialismus
590,194,Nachkriegszeit
591,194,Erinnerungen
592,194,Zeitzeugenbericht
593,194,2nd world war
594,194,National Socialism
595,194,Post-war period
596,194,Reminders
597,194,Report of contemporary witnesses
598,194,ger
599,195,ddc:000
600,196,ddc:610
601,196,ddc:370
602,196,Wechseljahre
603,196,sexuelle Bildung für Erwachsene
604,197,ddc:370
605,197,Digitale Medien
606,197,Medienpädagogik
607,197,Schule
608,197,Distanzlernen
609,198,ddc:610
610,199,ddc:610
611,199,ddc:618
612,200,ddc:330
613,201,ddc:610
614,201,ddc:616
616,201,Online-Publikation
617,201,Hochschulschrift
618,201,Intensivstation – Träume – Traumqualität – Erinnerungen an ITS
619,201,intensive care unit – dreams – quality of dreams – memories of intensive care unit.
620,202,ddc:300
621,202,ddc:302
622,202,queere Sozialarbeit
623,202,Nähe-Distanz-Gleichgewicht
624,202,querre Jugendarbeit
625,203,ddc:610
626,203,ddc:300
627,203,Verhütungsmethode
628,203,thermische Hodenerwärmung
629,203,Verhütungsverantwortung durch Männer
630,204,ddc:370
631,204,ddc:373
632,205,ddc:000
633,206,ddc:610
634,207,ddc:300
635,207,ddc:304
636,207,privates Liebesleben
637,207,Sexarbeiter*innen
638,207,Entwicklungspotenziale der Sexarbeitserfahrung
639,208,ddc:943
640,208,Zeitgeschichte
641,208,Interviews
642,208,Universitätsgeschichte
643,208,Studium
644,208,Studienbedingungen
645,208,Tagebuch
646,208,Mauerbau
647,208,DDR-Geschichte
648,208,Physik
649,208,contemporary history
650,208,University History
651,208,Study
652,208,Study conditions
653,208,Diary
654,208,Wall construction
655,208,History of the GDR
656,208,Physics
657,209,ddc:610
658,209,Online-Publikation
659,209,Hochschulschrift
660,210,ddc:610
661,210,ddc:616
662,211,ddc:610
663,211,ddc:618
664,212,ddc:300
665,212,ddc:305
666,212,Coming-out-Prozesse
667,212,(BD)SM
668,212,Sadomasochismus
669,213,ddc:610
670,214,ddc:150
671,214,ddc:152
672,214,ddc:300
673,214,ddc:302
674,214,Selbstwirksamkeit
675,214,Sexualität im Massnahmenvollzug
676,214,Massnahmenzentrum
677,214,sexuelle Entwicklung
678,214,vulnerabilitätsfördernde Faktoren
679,214,Jugendliche mit Problemverhalten
680,214,sexuelle Gesundheit
681,215,ddc:300
682,215,ddc:305
683,215,Frühadoleszenz
684,215,Sexualisierung
685,215,Ungewollte Sexualisierungserfahrungen
686,215,Frauenbild
687,215,Geschlechtsidentität
688,216,ddc:610
689,216,ddc:616
690,216,Magenkrebs
691,216,Autoaggressionskrankheit
692,216,Helicobacter-pylori-Infektion
693,217,ddc:610
694,217,Organisationale Gesundheitsressourcen; Wissensarbeit; Gesundheitsförderung; Gefährdungsbeurteilung psychischer Belastung
695,217,Organisational health resources; health resources; knowlegde-based jobs; health promotion; risk assessment
696,218,ddc:300
697,219,ddc:610
698,220,ddc:610
699,221,ddc:610
700,222,ddc:943
701,222,Zeitgeschichte
702,222,Interviews
703,222,DDR-Geschichte
704,222,Spanien
705,222,Kommunistische Partei Spaniens (KPS)
706,222,"Carrillo, Santiago"
707,222,Organisationen
708,222,Solidarität
709,222,Sozialistische Einheitspartei Deutschlands (SED)
710,222,Öffentlichkeitsarbeit
711,222,History of the GDR
712,222,Spain
713,222,Spanish Communist Party (KPS)
714,222,Organisations
715,222,Solidarity
716,222,Socialist Unity Party of Germany (SED)
717,222,Public Relations
718,222,contemporary history
719,223,ddc:940
720,223,ddc:090
721,223,Armenier
722,223,Völkermord
723,223,ssg:ssg3.2.6.2.3
724,223,ssg:ssg3.2.7.2.3
725,224,ddc:300
726,224,Prostitution
727,224,Sexuelle Dienstleistungen
728,224,Freierforschung
729,224,Girlfriend Experience
730,224,Kommerzielle Sexualität
731,224,Männliche Intimitäten
732,224,Intimität und Emotionen
733,224,Hegemoniale Männlichkeit
734,224,Geschlechterstereotypen
735,224,Rollenerwartungen
736,224,Sexarbeit und Machtverhältnisse
737,224,Neoliberale Transformationsprozesse
738,225,ddc:430
739,225,ddc:437
740,225,Elektronische Publikation
741,225,Hochschulschrift
742,225,Online-Publikation
743,225,Zsfassung in engl. Sprache
744,226,ddc:300
745,226,ddc:304
746,226,Sexocorporel
747,226,Jean-Yves Desjardins
748,226,choreografierter Tanz
749,226,Tanz
750,226,Sexualität
751,227,ddc:610
752,228,ddc:300
753,228,ddc:305
754,228,ddc:360
755,228,ddc:362
756,228,queere Familienplanung
757,228,Insemination in der Schweiz
758,228,rechtliche und strukturelle Rahmenbedingungen
759,228,reproduktionstechnologische Praxis
760,229,ddc:300
761,230,ddc:610
762,231,ddc:610
763,231,Medizinstudium
764,231,Kinderarzt
765,231,Ernährungsmedizin
766,232,ddc:000
767,232,SCISO
768,232,Video-Tutorial-Kampagne
769,232,Global Young Academy
770,232,Nationales Institut für Wissenschaftskommunikation
771,232,Informationsvermittlung
772,232,animierte Grafiken
773,232,Wissenschaftskommunikation
774,233,ddc:610
775,233,Elektronische Publikation
776,233,Hochschulschrift
777,233,Online-Publikation
778,233,Zsfassung in engl. Sprache
779,234,ddc:300
780,234,ddc:304
781,234,Narzissmus
782,234,narzisstische Persönlichkeitsstörung
783,234,Paarberatung
784,234,Paartherapie
785,234,narzisstische Kollusion
786,235,ddc:610
787,236,ddc:610
788,236,Genitourinary syndrome of menopause
789,236,Urinary component
790,236,Impact
791,236,Qualitative study
792,236,Focus group
793,236,Menopause
794,237,ddc:150
795,237,ddc:200
796,237,ddc:230
797,237,Online-Publikation
798,237,Hochschulschrift
799,238,ddc:070
800,238,Leichte Sprache
801,238,audiovisuelle Nachrichten
802,238,Barrierefreiheit
803,238,geistige Behinderung
804,238,Lernschwierigkeiten
805,238,Verständlichkeit
806,238,Akzeptanz
807,238,Informationsgestaltung
808,238,Inklusion
809,238,qualitative Forschung
810,239,ddc:610
811,240,ddc:360
812,240,ddc:362
813,240,Krankenhaus
814,240,Ambulanz
815,240,Sachsen-Anhalt
816,241,ddc:610
817,242,ddc:610
818,242,ddc:614
819,242,Online-Publikation
820,242,Hochschulschrift
821,243,ddc:610
822,244,ddc:610
823,245,ddc:090
824,245,Politiker
825,245,Menschenrecht
826,245,Interview
827,245,ssg:ssg3.2.5.2.5
828,246,ddc:610
829,247,ddc:610
830,248,ddc:020
831,248,ddc:027
832,248,ddc:610
833,249,ddc:610
834,250,ddc:360
835,250,Sexualität im Alter
836,250,sexuelle Rechte
837,250,Alten- und Pflegeeinrichtungen
838,250,Sexualassistenz
839,251,ddc:610
840,251,ddc:613
841,251,körperorientierte sexuelle Bildung
842,251,genitale Wahrnehmung
843,251,Sexocorporel
844,252,ddc:780
845,252,ddc:781
847,252,Online-Publikation
848,252,Hochschulschrift
849,253,ddc:610
850,254,ddc:000
851,255,ddc:610
852,256,ddc:610
853,257,ddc:610
854,257,analer Geschlechtsverkehr
855,257,Sexocorporel
856,258,ddc:340
857,258,Kinderinfluencing
858,258,Kinderrechte
859,258,Kindeswohl
860,258,Sharenting
861,258,Kinderarbeit
862,258,Jugendmedienschutz
863,259,ddc:780
864,260,ddc:610
865,260,ddc:616
866,260,Elektronische Publikation
867,260,Hochschulschrift
868,260,Online-Publikation
869,260,Zsfassung in engl. Sprache
870,261,ddc:610
871,262,ddc:610
872,263,ddc:610
873,264,ddc:150
874,264,BOLSA
875,264,Psychologische Tests
876,264,Längsschnittstudie
877,264,Generationenforschung
878,264,Methoden
879,264,Psychological tests
880,264,Longitudinal study
881,264,Generational Research
882,264,Methods
883,265,ddc:300
884,265,ddc:150
885,265,ddc:152
886,265,sexuelle Fantasien
887,265,Cis-Frauen
888,265,Erregungssteigerung
889,265,Sexocorporel
890,266,ddc:330
891,267,ddc:610
892,268,ddc:943
893,268,Zeitgeschichte
894,268,Interviews
895,268,Universitätsgeschichte
896,268,Studium
897,268,Studienbedingungen
898,268,17. Juni 1953
899,268,Politische Haft
900,268,DDR-Geschichte
901,268,Agrarwissenschaft
902,268,University History
903,268,Study
904,268,Study conditions
905,268,"June 17, 1953"
906,268,History of the GDR
907,268,Agricultural Science
908,268,contemporary history
909,269,ddc:610
910,270,ddc:150
911,270,ddc:152
912,271,ddc:150
913,271,ddc:152
914,271,sexuelles Selbst junger Frauen
915,271,körperorientierter Gruppenkurs
916,271,sexuelles Begehren
917,272,ddc:000
918,272,Medical training
919,272,Surgical simulation
920,272,Virtual reality
921,272,Mixed reality
922,272,Human–computer interaction
923,273,ddc:610
924,273,ddc:615
925,274,ddc:150
926,275,ddc:610
927,276,ddc:370
928,276,Sexuelle Grenzverletzung
929,276,kognitive Beeinträchtigung
930,276,Handlungspläne
931,276,Peergewalt
932,276,Sexualisierte Gewalt
933,276,Behinderung
934,276,Erfahrungslernen
935,276,Counterfeit Deviance
936,277,ddc:150
937,277,ddc:300
938,277,Erstvaterschaft
939,277,Verlust der Männlichkeit
940,277,Rolle als Vater
941,278,ddc:943
942,278,Zeitgeschichte
943,278,Interviews
944,278,Nordhausen
945,278,Konzentrationslager
946,278,Nationalsozialismus
947,278,Sozialdemokratie
948,278,Homosexualität
949,278,Mittelbau-Dora
950,278,Sinti
951,278,Roma
952,278,Kommunisten
953,278,Erinnerungskultur
954,278,Sozialistische Einheitspartei Deutschlands (SED)
955,278,Häftling
956,278,Quellentranskription
957,278,Concentration Camp
958,278,National Socialism
959,278,Social Democracy
960,278,Homosexuality
961,278,Communists
962,278,Culture of Remembrance
963,278,GDR
964,278,Source transcription
965,279,ddc:610
966,279,Hausarzt
967,279,Hauspflege
968,280,ddc:360
969,280,ddc:364
970,280,sexualisierte Gewalt
971,280,Verarbeitungsprozesse der Betroffenen
972,280,Vergewaltigungsmythen
973,281,ddc:610
974,282,ddc:004
975,282,ddc:005
976,282,Software reuse
977,282,Re-engineering
978,282,Clone&own
979,282,Platform engineering
980,283,ddc:300
981,283,ddc:304
982,283,ddc:150
983,283,ddc:152
984,283,FilmheldInnen
985,283,KiTa-Alter
986,283,Identifikationsfiguren
987,283,Medienkonsum
988,283,Medienverständnis
989,283,Kinderfernsehen
990,284,ddc:370
991,284,Lehrer; Lehrerbild; Selbstbild; Lehrberuf; Schulforschung; Fremdeinschätzung; Visuelles Medium; Bildliche Darstellung; Text; Praxeologie; Profession; Berufsbiografie; Schulpädagogik; Lehrerbildung; Praxis; Empirische Untersuchung; Dokumentarische Methode; Rekonstruktion; Studie; Dissertationsschrift
992,285,ddc:610
993,286,ddc:610
994,287,ddc:500
995,287,Landwirtschaft
996,287,Digitalisierung
997,288,ddc:600
998,288,ddc:607
999,289,ddc:610
1000,290,ddc:610
1001,290,ddc:612
1002,290,Sexualität junger Männer
1003,290,Geschlechterrollenbilder
1004,290,Geschlechtszugehörigkeit
1005,291,ddc:610
1006,291,Sextoys
1007,291,Orgasmusfähigkeit
1008,291,Paarsexualität
1009,291,Selbstbefriedigung
1010,292,ddc:610
1011,293,ddc:610
1012,294,ddc:610
1013,295,ddc:610
1014,295,ddc:370
1015,295,Vulvakrebs
1016,295,erweitertes genitales Erleben der betroffenen Personen
1017,295,sexuelles Bildungsprogramm
1018,295,positive Wiederannährung an ihre Sexualität
1019,296,ddc:370
1020,296,Politische Bildung
1021,296,Kulturelle Bildung
1022,296,Aktionskunst
1023,296,Demokratie
1024,296,Performance
1025,297,ddc:300
1026,297,ddc:305
1027,298,ddc:700
1028,298,Street Art
1029,298,Grafitti
1030,298,Kunst im öffentlichen Raum
1031,298,Szene Leipzig
1032,299,ddc:000
1033,300,ddc:370
1034,300,Initial TVET Teacher training
1035,300,Skill deficit
1036,300,Teaching internship
1037,300,Empirical research
1038,301,ddc:610
1039,302,ddc:150
1040,302,ddc:152
1041,302,physische Berührung
1042,302,Berührungskompetenz
1043,302,Berührungserfahrung
1044,302,Sexualität
1045,303,ddc:900
1046,304,ddc:000
1047,305,ddc:370
1048,305,Online-Publikation
1049,305,Hochschulschrift
1050,306,ddc:070
1051,307,ddc:610
1052,308,ddc:610
1053,309,ddc:090
1054,309,Feminismus
1055,309,ssg:ssg3.2.6.2.5
1056,310,ddc:150
1057,311,ddc:610
1058,312,ddc:000
1059,313,ddc:090
1060,313,Zweiter Libanonkrieg
1061,313,Libanon
1062,313,DE-615
1064,313,Landkriegsstrategie
1065,313,loc:DS87.65
1066,313,ssg:ssg3.2.2.4.3
1067,314,ddc:610
1068,315,ddc:000
1069,316,ddc:610
1070,317,ddc:300
1071,317,ddc:304
1072,317,männliche sexuelle Lustlosigkeit
1073,317,lustmindernde Faktoren
1074,317,heterosexuelle Männer in Paarbeziehungen
1075,318,ddc:370
1076,318,Online-Publikation
1077,318,Hochschulschrift
1078,319,ddc:000
1079,320,ddc:004
1080,320,ddc:780
1081,320,ddc:781
1082,320,Künstliche Intelligenz in der Musik
1083,320,Digitalität und Kunst
1084,320,Musikproduktion
1085,320,KI-Kollaboration
1086,320,Kreativitätsförderung
1087,321,ddc:610
1088,322,ddc:610
1089,323,ddc:300
1090,324,ddc:610
1091,324,ddc:618
1092,325,ddc:370
1093,326,ddc:943
1094,326,Zeitgeschichte
1095,326,Interviews
1096,326,Zensur
1097,326,Literaturbetrieb
1098,326,Schriftstellerverband
1099,326,"Höcke, Klaus"
1100,326,SED
1101,326,Kunst
1102,326,Schriftsteller
1103,326,"Hein, Christoph"
1104,326,"Wolf, Christa"
1105,326,"Bruyn, Günter de"
1106,326,Verlagswesen
1107,326,Censorship
1108,326,Literature
1109,326,Writers' Union
1110,326,Art
1111,326,Publishing
1112,326,contemporary history
1113,327,ddc:150
1114,327,Trauma
1115,327,TRE
1116,327,Kirsenintervention
1117,328,ddc:370
1118,328,ddc:371
1120,328,Hörschädigung
1121,328,Soziale Integration
1122,328,Online-Publikation
1123,328,Hochschulschrift
1124,329,ddc:610
1125,330,ddc:610
1126,330,ddc:618
1127,331,ddc:300
1128,331,ddc:304
1129,331,homosexuelle Fachkräfte
1130,331,Sexualität
1131,331,Kinder- und Jugendhlfe
1132,332,ddc:610
1133,333,ddc:610
1134,334,ddc:610
1135,335,ddc:943
1136,335,Zeitgeschichte
1137,335,Interviews
1138,335,"Carrillo, Santiago"
1139,335,Kommunistische Partei Spaniens (KPS)
1140,335,Biografie
1141,335,Sozialistische Einheitspartei Deutschlands (SPD)
1142,335,Solidarität
1143,335,Finanzierung
1144,335,Internationale Zusammenarbeit
1146,335,Spanish Communist Party (KPS)
1147,335,Biography
1148,335,Socialist Unity Party of Germany (SPD)
1149,335,Solidarity
1150,335,Funding
1151,335,International cooperation
1152,335,contemporary history
1153,335,oral history
1154,336,ddc:370
1155,337,ddc:150
1156,337,ddc:155
1157,337,Klient*innenmotivation
1158,337,Sexualtherapie
1159,337,sexologische Berufspraxis
1160,338,ddc:610
1161,339,ddc:610
1162,339,Online-Publikation
1163,339,Hochschulschrift
1164,340,ddc:610
1165,341,ddc:370
1166,341,Sexualität jugenlicher Mädchen
1167,341,Selbstsicherheit
1168,341,sexuelle Lernschritte
1169,341,Bedarf an sexueller Bildung
1170,341,bedürfnisorientierte ganzheitliche Sexualaufklärung
1171,342,ddc:620
1172,342,Certification
1173,342,Warehouses
1174,342,Checklist
1175,342,Supply chain
1176,343,ddc:610
1177,343,Online-Publikation
1178,343,Hochschulschrift
1179,344,ddc:610
1180,345,ddc:610
1181,346,ddc:610
1182,346,ddc:613
1183,346,Online-Publikation
1184,346,Hochschulschrift
1185,347,ddc:610
1186,347,ddc:618
1187,347,ddc:150
1188,347,ddc:152
1189,347,Masturbation
1190,347,gesundheitliche Auswirkungen
1191,347,Frauen ab 70
1192,348,ddc:300
1193,348,ddc:305
1194,348,nichtbinäre Geschlechtsidentitäten
1195,348,nichtbinärer Personen
1196,348,Geschlechtersystem
1197,349,ddc:610
1198,350,ddc:300
1199,350,ddc:305
1200,350,Sexualität queerer Menschen
1201,350,queere Drag-Performer*innen
1202,350,Einfluss und Potentiale von Drag
1203,351,ddc:370
1204,351,ddc:371
1205,351,Schüler
1206,351,Freiarbeit
1207,351,Online-Ressource
1208,351,Elektronische Publikation
1209,351,Hochschulschrift
1210,351,Online-Publikation
1211,352,ddc:650
1212,352,ddc:658
1213,352,ddc:000
1214,352,ddc:001
1215,352,Hochschulschrift
1216,352,Wissensmanagement
1217,352,Wissen
1218,352,Risikomanagement
1219,352,Informationsmanagement
1220,352,Online-Publikation
1221,353,ddc:650
1222,353,ddc:658
1223,353,Elektronische Publikation
1224,353,Hochschulschrift
1225,353,Online-Publikation
1226,353,Zsfassung in dt. Sprache
1227,354,ddc:610
1228,355,ddc:550
1229,356,ddc:370
1230,356,ddc:371
1231,356,Elektronische Publikation
1232,356,Hochschulschrift
1233,356,Online-Publikation
1234,356,Zsfassung in engl. Sprache
1235,357,ddc:610
1236,357,ddc:613
1237,357,Online-Publikation
1238,357,Hochschulschrift
1239,358,ddc:610
1240,359,ddc:090
1241,359,ssg:ssg3.2.7.3.5
1242,360,ddc:900
1245,360,ddc:904
1246,360,ddc:940
1247,360,ddc:943
1248,361,ddc:360
1249,361,ddc:362
1250,361,Medizinische Versorgung
1251,361,Asylbewerber
1252,362,ddc:300
1253,362,ddc:302
1255,362,ddc:304
1256,362,Schwangerschaftsabbruch
1257,362,Verhütungsbiografien
1258,362,Verhütung
1259,362,Verhütungsverhalten
1260,362,Empfängnisverhütung
1261,362,Verhütungsversagen
1262,362,Schwangerschaftskonfliktberatung
1263,363,ddc:610
1264,363,ddc:614
1265,363,Online-Publikation
1266,363,Hochschulschrift
1267,364,ddc:610
1268,365,ddc:300
1269,365,ddc:305
1270,365,Klassismus
1271,365,Linke Szene
1272,365,Intersektionaler Feminismus
1273,365,soziale Herkunft
1274,365,Klasse
1275,366,ddc:370
1276,366,Umgang mit Klassismus
1277,366,Kulturelle Bildung
1278,366,künstlerisch arbeitende Gruppe
1279,367,ddc:943
1280,367,Zeitgeschichte
1281,367,Interviews
1282,367,Universitätsgeschichte
1283,367,Sowjetische Besatzungszone
1284,367,Siebzehnter Juni
1285,367,Student
1286,367,Deutschland <DDR> / Revolution <1989>
1287,368,ddc:610
1288,369,ddc:610
1289,369,ddc:616
1290,369,Online-Publikation
1291,369,Hochschulschrift
1292,370,ddc:610
1293,371,ddc:400
1294,371,ddc:408
1295,372,ddc:100
1296,372,ddc:174
1297,373,ddc:150
1298,373,ddc:153
1299,373,Transformation
1300,373,Lehren
1301,373,Lernen
1302,373,Qualitative Forschung
1303,374,ddc:610
1304,374,ddc:616
1305,374,Elektronische Publikation
1306,374,Hochschulschrift
1307,374,Online-Publikation
1308,374,Zsfassung in engl. Sprache
1309,375,ddc:610
1310,376,ddc:610
1311,377,ddc:610
1312,377,ddc:616
1313,377,Elektronische Publikation
1314,377,Hochschulschrift
1315,377,Online-Publikation
1316,377,Zsfassung in dt. Sprache
1317,378,ddc:610
1318,379,ddc:004
1319,380,ddc:610
1320,381,ddc:610
1321,381,ddc:613
1322,382,ddc:300
1323,382,Online-Publikation
1324,382,Hochschulschrift
1325,383,ddc:330
1326,383,ddc:331
1327,384,ddc:004
1328,384,IoT-Plattformen
1329,384,Handlungsempfehlungen
1330,385,ddc:060
1331,385,ddc:069
1332,385,Jugendliche
1333,385,ZKM
1334,385,Kunstvermittlung
1335,385,Publikumsorientierung
1336,385,Museum
1337,386,ddc:610
1338,387,ddc:330
1339,387,ddc:380
1341,387,ddc:384
1342,387,Digital Storytelling
1343,387,Augmented Reality
1344,387,MAR Shopping Apps
1348,388,ddc:610
1349,389,ddc:330
1350,389,ddc:331
1351,389,Arbeitsplatzmodelle
1352,389,Arbeitszeitmodelle
1353,389,Effizienzoptimierung
1354,389,Controlling
1355,389,Effizienzmerkmale
1356,389,Work-Life-Balance
1357,390,ddc:330
1358,390,ddc:338
1359,391,ddc:610
1360,392,ddc:610
1361,393,ddc:090
1362,393,ssg:ssg3.2.3.7.5
1363,394,ddc:610
1364,394,Medizinstudium
1365,394,Wahlpflichtfach
1366,394,Landarzt
1367,395,ddc:300
1368,395,ddc:304
1369,395,HIV-Prävention
1370,395,Präexpositionsprophylaxe
1371,395,Biopolitik
1372,395,pharmapornographisch
1373,395,schwule Sexualität
1374,395,Safer Sex
1375,395,PrEP
1376,395,Bareback-Sex
1377,395,Peer Research
1378,396,ddc:400
1379,396,Neue Rechte
1380,396,Sprache
1381,396,Sprachmuster
1382,397,ddc:610
1383,398,ddc:370
1384,398,ddc:371
1385,399,ddc:150
1386,399,ddc:152
1387,399,sexuelle Kommunikation
1388,399,kommunikationsstarken Frauen
1389,399,Paarsexualität
1390,400,ddc:004
1391,400,ddc:005
1392,400,ddc:610
1393,400,Gamification
1394,400,App-Design
1395,400,Zyklus-Tracking
1396,400,5 Elements of UX
1397,400,Health Care
1398,400,FemTech
1399,400,Gesundheits-Apps
1400,400,Motivation
1401,400,Konditionierung
1402,401,ddc:610
1403,401,"Koronare Herzkrankheit; Versorgungsforschung; Sozioökonomischer Status; Versorgungsungleichheiten; Sozioökonomische Ungleichheiten; Qualitative Forschung, Patientenperspektive; Systemtische Übersichtsarbeit; Deutschland"
1404,401,"Coronary heart disease; Health services research; Socioeconomic status, Healthcare disparities; Socioeconomic inequality; Qualitative research, Patient perspective; Systematic review; Germany"
1405,402,ddc:780
1406,402,Volksmusik
1407,402,Brosch
1408,402,Volkslied
1409,402,Sammler
1410,402,Musikalische Analyse
1411,403,ddc:004
1412,403,ddc:006
1413,403,Design process
1414,403,Voice User Interface
1415,403,Speech-based Technology
1416,403,Technology Adoption
1417,403,User Experience
1418,403,Human-Centered Design Process
1419,403,Context of Use
1420,404,ddc:610
1421,404,ddc:616
1422,404,Demenz
1423,404,Medizinische Versorgung
1424,404,Hausarzt
1425,405,ddc:610
1426,405,ddc:618
1427,406,ddc:610
1428,407,ddc:610
1429,408,ddc:610
1430,409,ddc:550
1431,409,ddc:555
1432,410,ddc:610
1433,411,ddc:943
1434,411,Zeitgeschichte
1435,411,Interviews
1436,411,Nationalsozialismus
1437,411,NSDAP
1438,411,Sowjetische Besatzungszone
1439,411,Sowjetische Militäradministration Deutschland (SMAD)
1440,411,Sozialistische Einheitspartei Deutschlands (SED)
1441,411,Entnazifizierung
1442,411,Elitentausch
1443,411,Stadtverwaltung
1444,411,Organisationen
1445,411,Köthen
1446,411,National Socialism
1447,411,Soviet Occupation Zone
1448,411,Soviet Military Administration Germany (SMAD)
1449,411,Socialist Unity Party of Germany (SED)
1450,411,Denazification
1451,411,Elite Exchange
1452,411,Historiography
1453,411,Culture of Remembrance
1454,411,contemporary history
1455,412,ddc:090
1456,412,Bremen
1457,412,ssg:ssg3.2.6.2.3
1458,413,ddc:150
1459,414,ddc:300
1460,415,ddc:610
1461,415,ddc:618
1462,415,Online-Publikation
1463,415,Hochschulschrift
1464,416,ddc:610
1465,417,ddc:150
1466,417,BOLSA
1467,417,Psychologische Tests
1468,417,Längsschnittstudie
1469,417,Generationenforschung
1470,417,Methoden
1471,417,Psychological tests
1472,417,Longitudinal study
1473,417,Generational Research
1474,417,Methods
1475,418,ddc:610
1476,418,erektionsfördernde Medikamente
1477,418,PDE-5-Hemmer
1478,418,Abhängigkeit
1479,418,sexuelle Leistungsfähigkeit
1480,418,Präventions- und Interventionsstrategien
1481,419,ddc:370
1482,420,ddc:610
1483,421,ddc:300
1484,421,ddc:305
1485,421,nichtbinäre Geschlechtsidentitäten
1486,421,nichtbinärer Personen
1487,421,Geschlechtersystem
1488,422,ddc:910
1489,422,ddc:915
1490,423,ddc:360
1491,423,ddc:362
1492,423,ddc:610
1493,423,ddc:618
1494,423,sexuelle Selbstbestimmung
1495,423,sexuelle Bildung
1496,423,Menschenrechte
1497,423,reproduktive Rechte
1498,423,Menschen mit Behinderung
1499,423,Menschen mit Lernschwierigkeiten
1500,423,geistige Behinderung
1501,423,Eingliederungshilfe
1502,423,Soziale Arbeit
1503,423,Familienplanung
1504,423,Verhütung
1505,424,ddc:610
1506,425,ddc:300
1507,425,ddc:360
1508,425,ddc:365
1509,425,männliche Sexualstraftäter
1510,425,Pädosexuelle
1511,425,Vergewaltiger
1512,425,deliktorientierte Straftäterbehandlung
1513,425,Schweizer Massnahmenvollzug
1514,425,Sexocorporel
1515,426,ddc:650
1516,426,ddc:658
1518,426,ddc:659
1519,426,Corporate Design
1520,426,Generation Z
1521,426,Markenansprache
1522,426,Zielgruppe
1523,427,ddc:620
1524,427,Agricultural supply chains
1525,428,ddc:600
1526,428,Smart Home
1527,429,ddc:300
1528,430,ddc:610
1530,431,ddc:610
1531,431,Quality of life
1532,431,Skindex-29
1533,431,Content validity
1534,431,Lived experience
1535,431,Qualitative study
1536,432,ddc:610
1537,433,ddc:943
1538,434,ddc:300
1539,434,ddc:305
1540,434,Geflüchtetensozialarbeit
1541,434,Mandatskonflikte
1542,434,Migration
1543,435,ddc:350
1544,435,Werkstattbericht
1545,435,UniWinD Tenure-Track-Netzwerk
1546,435,Weiterentwicklung akademischer Karrierewege
1547,435,Dauerstellenkonzept
1548,435,Karrierewegekonzept
1549,435,deutsches Wissenschaftssystem
1550,435,leitfadengestützte Interviews
1551,436,ddc:610
1552,437,ddc:650
1553,437,ddc:658
1554,437,Forschung und Entwicklung
1555,437,Betriebswirtschaft
1556,437,Unternehmensführung
1557,438,ddc:300
1558,439,ddc:610
1559,440,ddc:610
1560,440,unerfüllte Stillerwartungen
1561,440,sexologische Beratung und Begleitung von Frauen
